{"stats":{"minecraft:dropped":{"minecraft:egg":1},"minecraft:custom":{"minecraft:jump":140,"minecraft:time_since_rest":3087,"minecraft:damage_taken":40,"minecraft:leave_game":5,"minecraft:play_time":25726,"minecraft:sprint_one_cm":17651,"minecraft:time_since_death":25726,"minecraft:walk_on_water_one_cm":182,"minecraft:walk_one_cm":7019,"minecraft:sleep_in_bed":2,"minecraft:sneak_time":150,"minecraft:total_world_time":25726,"minecraft:walk_under_water_one_cm":2744,"minecraft:fall_one_cm":2387,"minecraft:drop":1,"minecraft:fly_one_cm":53333},"minecraft:used":{"comforts:sleeping_bag_white":2,"mcwfurnitures:oak_chair":1,"minecraft:egg":3},"minecraft:picked_up":{"minecraft:egg":5}},"DataVersion":3700}