{"stats":{"minecraft:picked_up":{"minecraft:oak_sapling":1},"minecraft:dropped":{"minecraft:oak_sapling":1},"minecraft:custom":{"minecraft:jump":76,"minecraft:time_since_rest":12367,"minecraft:crouch_one_cm":27,"minecraft:leave_game":2,"minecraft:play_time":12367,"minecraft:sprint_one_cm":6723,"minecraft:damage_taken":40,"minecraft:time_since_death":12367,"minecraft:walk_one_cm":2291,"minecraft:sneak_time":10,"minecraft:total_world_time":12367,"minecraft:fall_one_cm":3374,"minecraft:drop":1,"minecraft:fly_one_cm":12213},"minecraft:mined":{"minecraft:short_grass":2,"minecraft:oak_leaves":7}},"DataVersion":3700}